NRBTS_Name,LNBTS_Name,DN,ALARM_TIME,CANCEL_TIME,ALARM_NUMBER,TEXT,SUPPLEMENTARY_INFO
BOG.Tabora,BOG.Tabora,PLMN-PLMN/MRBTS-1018/LNBTS-1018/LNADJGNB-0,2024-02-12 11:40:08,,7107,BASE STATION CONNECTIVITY PROBLEM,Setup of X2 connectivity to gNB failed
BOG.San Victorino,BOG.San Victorino,PLMN-PLMN/MRBTS-499/LNBTS-499/LNADJGNB-0,2024-02-10 15:43:37,,7107,BASE STATION CONNECTIVITY PROBLEM,Setup of X2 connectivity to gNB failed
BOG.Andes,BOG.Andes,PLMN-PLMN/MRBTS-350/LNBTS-350/LNCEL-103,2024-02-13 20:00:42,,7114,CELL SERVICE PROBLEM,BTS configuration error (not enough HW for LCR)
BOG.Andes,BOG.Andes,PLMN-PLMN/MRBTS-350/LNBTS-350/LNCEL-53,2024-02-13 20:00:42,,7114,CELL SERVICE PROBLEM,BTS configuration error (not enough HW for LCR)
BOG.Andes,BOG.Andes,PLMN-PLMN/MRBTS-350/LNBTS-350/LNMME-8,2024-02-14 05:06:02,,7107,BASE STATION CONNECTIVITY PROBLEM,S1 interface setup failure
BOG.Armenia-3,BOG.Armenia-3,PLMN-PLMN/MRBTS-2641/LNBTS-2641,2024-02-13 12:59:11,,7657,BASE STATION CONNECTIVITY DEGRADED,Setup of X2 connectivity to gNB failed
BAR.Exito-2 (P1),BAR.Santa Monica,PLMN-PLMN/MRBTS-786661/LNBTS-786661,2024-02-07 04:27:00,,7112,BASE STATION CONFIGURATION PROBLEM,Inter eNB CA parameter(s) inconsistency in between eNBs
BAR.Buenavista-2 (P1),BAR.Santa Monica,PLMN-PLMN/MRBTS-786661/LNBTS-786661,2024-02-07 04:27:00,,7112,BASE STATION CONFIGURATION PROBLEM,Inter eNB CA parameter(s) inconsistency in between eNBs
BAR.Santa Monica,BAR.Santa Monica,PLMN-PLMN/MRBTS-786661/LNBTS-786661,2024-02-07 04:27:00,,7112,BASE STATION CONFIGURATION PROBLEM,Inter eNB CA parameter(s) inconsistency in between eNBs
BAR.Buenavista-3,BAR.Santa Monica,PLMN-PLMN/MRBTS-786661/LNBTS-786661,2024-02-07 04:27:00,,7112,BASE STATION CONFIGURATION PROBLEM,Inter eNB CA parameter(s) inconsistency in between eNBs
BAR.Buenavista-2 (P3),BAR.Santa Monica,PLMN-PLMN/MRBTS-786661/LNBTS-786661,2024-02-07 04:27:00,,7112,BASE STATION CONFIGURATION PROBLEM,Inter eNB CA parameter(s) inconsistency in between eNBs
BAR.Patinodromo,BAR.Santa Monica,PLMN-PLMN/MRBTS-786661/LNBTS-786661,2024-02-07 04:27:00,,7112,BASE STATION CONFIGURATION PROBLEM,Inter eNB CA parameter(s) inconsistency in between eNBs
BAR.Villa Santos,BAR.Santa Monica,PLMN-PLMN/MRBTS-786661/LNBTS-786661,2024-02-07 04:27:00,,7112,BASE STATION CONFIGURATION PROBLEM,Inter eNB CA parameter(s) inconsistency in between eNBs
BOG.Granahorrar-1,BOG.Granahorrar-1,PLMN-PLMN/MRBTS-300/LNBTS-300/LNADJGNB-0,2024-02-13 17:58:51,,7107,BASE STATION CONNECTIVITY PROBLEM,Setup of X2 connectivity to gNB failed
BOG.Palermo-2,BOG.Palermo-2,PLMN-PLMN/MRBTS-1230/LNBTS-1230,2024-02-13 13:57:23,,7657,BASE STATION CONNECTIVITY DEGRADED,Setup of X2 connectivity to gNB failed
BAR.Villa Santos,BAR.Buenavista-2 (P3),PLMN-PLMN/MRBTS-786691/LNBTS-786691,2024-02-12 13:01:51,,7107,BASE STATION CONNECTIVITY PROBLEM,Latency of the link for inter-site CA permanently exceeds threshold
BAR.Buenavista-2 (P3),BAR.Buenavista-2 (P3),PLMN-PLMN/MRBTS-786691/LNBTS-786691,2024-02-12 13:01:51,,7107,BASE STATION CONNECTIVITY PROBLEM,Latency of the link for inter-site CA permanently exceeds threshold
BAR.Santa Monica,BAR.Buenavista-2 (P3),PLMN-PLMN/MRBTS-786691/LNBTS-786691,2024-02-12 13:01:51,,7107,BASE STATION CONNECTIVITY PROBLEM,Latency of the link for inter-site CA permanently exceeds threshold
BAR.Buenavista-3,BAR.Buenavista-2 (P3),PLMN-PLMN/MRBTS-786691/LNBTS-786691,2024-02-12 13:01:51,,7107,BASE STATION CONNECTIVITY PROBLEM,Latency of the link for inter-site CA permanently exceeds threshold
BAR.Riomar-2 H3,BAR.Buenavista-2 (P3),PLMN-PLMN/MRBTS-786691/LNBTS-786691,2024-02-12 13:01:51,,7107,BASE STATION CONNECTIVITY PROBLEM,Latency of the link for inter-site CA permanently exceeds threshold
BAR.Buenavista-2 (P1),BAR.Buenavista-2 (P3),PLMN-PLMN/MRBTS-786691/LNBTS-786691,2024-02-12 13:01:51,,7107,BASE STATION CONNECTIVITY PROBLEM,Latency of the link for inter-site CA permanently exceeds threshold
BOG.11 de Noviembre,BOG.11 de Noviembre,PLMN-PLMN/MRBTS-343/LNBTS-343,2024-02-14 00:01:52,,7657,BASE STATION CONNECTIVITY DEGRADED,Setup of X2 connectivity to gNB failed
BOG.Outlets Americas,BOG.Outlets Americas,PLMN-PLMN/MRBTS-899/LNBTS-899/LNADJGNB-0,2024-02-12 14:08:20,,7107,BASE STATION CONNECTIVITY PROBLEM,Setup of X2 connectivity to gNB failed
BOG.IND Fundacion Santafe-2,BOG.IND Fundacion Santafe-2,PLMN-PLMN/MRBTS-1670/LNBTS-1670/LNADJGNB-0,2024-02-07 11:48:31,,7107,BASE STATION CONNECTIVITY PROBLEM,Setup of X2 connectivity to gNB failed
BOG.Paloquemao-3,BOG.Paloquemao-3,PLMN-PLMN/MRBTS-903/LNBTS-903/LNADJGNB-0,2024-02-12 09:03:13,,7107,BASE STATION CONNECTIVITY PROBLEM,Setup of X2 connectivity to gNB failed
BOG.Paloquemao-3,BOG.Paloquemao-3,PLMN-PLMN/MRBTS-903/LNBTS-903/LNMME-8,2024-02-14 04:53:37,,7107,BASE STATION CONNECTIVITY PROBLEM,S1 interface setup failure
BAR.Palmas del Rio,BAR.Palmas del Rio,PLMN-PLMN/MRBTS-789042/LNBTS-789042,2024-02-07 12:02:47,,7107,BASE STATION CONNECTIVITY PROBLEM,Latency of the link for inter-site CA permanently exceeds threshold
BAR.Palmas del Rio,BAR.Palmas del Rio,PLMN-PLMN/MRBTS-789042/LNBTS-789042/LNADJGNB-0,2024-02-09 17:06:59,,7107,BASE STATION CONNECTIVITY PROBLEM,Setup of X2 connectivity to gNB failed
BAR.Parque Padilla (P1),BAR.Palmas del Rio,PLMN-PLMN/MRBTS-789042/LNBTS-789042,2024-02-07 12:02:47,,7107,BASE STATION CONNECTIVITY PROBLEM,Latency of the link for inter-site CA permanently exceeds threshold
BAR.Parque Padilla (P1),BAR.Palmas del Rio,PLMN-PLMN/MRBTS-789042/LNBTS-789042/LNADJGNB-0,2024-02-09 17:06:59,,7107,BASE STATION CONNECTIVITY PROBLEM,Setup of X2 connectivity to gNB failed
BAR.Buenavista-2 (P2),BAR.Palmas del Rio,PLMN-PLMN/MRBTS-789042/LNBTS-789042,2024-02-07 12:02:47,,7107,BASE STATION CONNECTIVITY PROBLEM,Latency of the link for inter-site CA permanently exceeds threshold
BAR.Buenavista-2 (P2),BAR.Palmas del Rio,PLMN-PLMN/MRBTS-789042/LNBTS-789042/LNADJGNB-0,2024-02-09 17:06:59,,7107,BASE STATION CONNECTIVITY PROBLEM,Setup of X2 connectivity to gNB failed
BAR.Hilton Garden (P2),BAR.Palmas del Rio,PLMN-PLMN/MRBTS-789042/LNBTS-789042,2024-02-07 12:02:47,,7107,BASE STATION CONNECTIVITY PROBLEM,Latency of the link for inter-site CA permanently exceeds threshold
BAR.Hilton Garden (P2),BAR.Palmas del Rio,PLMN-PLMN/MRBTS-789042/LNBTS-789042/LNADJGNB-0,2024-02-09 17:06:59,,7107,BASE STATION CONNECTIVITY PROBLEM,Setup of X2 connectivity to gNB failed
BAR.Parque Padilla (P2),BAR.Palmas del Rio,PLMN-PLMN/MRBTS-789042/LNBTS-789042,2024-02-07 12:02:47,,7107,BASE STATION CONNECTIVITY PROBLEM,Latency of the link for inter-site CA permanently exceeds threshold
BAR.Parque Padilla (P2),BAR.Palmas del Rio,PLMN-PLMN/MRBTS-789042/LNBTS-789042/LNADJGNB-0,2024-02-09 17:06:59,,7107,BASE STATION CONNECTIVITY PROBLEM,Setup of X2 connectivity to gNB failed
BOG.Aranda,BOG.Aranda,PLMN-PLMN/MRBTS-586/LNBTS-586/LNADJGNB-0,2024-02-10 14:44:50,,7107,BASE STATION CONNECTIVITY PROBLEM,Setup of X2 connectivity to gNB failed
BOG.Exito 134,BOG.Exito 134,PLMN-PLMN/MRBTS-455/LNBTS-455/LNADJGNB-0,2024-02-12 18:39:35,,7107,BASE STATION CONNECTIVITY PROBLEM,Setup of X2 connectivity to gNB failed
BOG.El Lago-2,BOG.El Lago-2,PLMN-PLMN/MRBTS-269/LNBTS-269,2024-02-13 23:50:05,,7657,BASE STATION CONNECTIVITY DEGRADED,Setup of X2 connectivity to gNB failed
BOG.Nogal,BOG.El Lago-2,PLMN-PLMN/MRBTS-269/LNBTS-269,2024-02-13 23:50:05,,7657,BASE STATION CONNECTIVITY DEGRADED,Setup of X2 connectivity to gNB failed
BOG.Zona Rosa,BOG.El Lago-2,PLMN-PLMN/MRBTS-269/LNBTS-269,2024-02-13 23:50:05,,7657,BASE STATION CONNECTIVITY DEGRADED,Setup of X2 connectivity to gNB failed
BOG.Atlantis,BOG.El Lago-2,PLMN-PLMN/MRBTS-269/LNBTS-269,2024-02-13 23:50:05,,7657,BASE STATION CONNECTIVITY DEGRADED,Setup of X2 connectivity to gNB failed
BOG.Antiguo Country,BOG.El Lago-2,PLMN-PLMN/MRBTS-269/LNBTS-269,2024-02-13 23:50:05,,7657,BASE STATION CONNECTIVITY DEGRADED,Setup of X2 connectivity to gNB failed
BOG.Andino-1,BOG.El Lago-2,PLMN-PLMN/MRBTS-269/LNBTS-269,2024-02-13 23:50:05,,7657,BASE STATION CONNECTIVITY DEGRADED,Setup of X2 connectivity to gNB failed
BOG.El Lago-1,BOG.El Lago-2,PLMN-PLMN/MRBTS-269/LNBTS-269,2024-02-13 23:50:05,,7657,BASE STATION CONNECTIVITY DEGRADED,Setup of X2 connectivity to gNB failed
BOG.El Castillo,BOG.El Castillo,PLMN-PLMN/MRBTS-371/LNBTS-371,2024-02-13 15:23:10,,7657,BASE STATION CONNECTIVITY DEGRADED,Setup of X2 connectivity to gNB failed
CAR.CAC Bocagrande,CAR.CAC Bocagrande,PLMN-PLMN/MRBTS-789607/LNBTS-789607/LNADJGNB-0,2024-02-13 18:04:47,,7107,BASE STATION CONNECTIVITY PROBLEM,Setup of X2 connectivity to gNB failed
CAR.Getsemani,CAR.Getsemani,PLMN-PLMN/MRBTS-789380/LNBTS-789380/LNADJGNB-0,2024-02-09 17:20:13,,7107,BASE STATION CONNECTIVITY PROBLEM,Setup of X2 connectivity to gNB failed
BAR.Paraiso,BAR.Paraiso,PLMN-PLMN/MRBTS-789350/LNBTS-789350/LNADJGNB-0,2024-02-07 14:22:46,,7107,BASE STATION CONNECTIVITY PROBLEM,Setup of X2 connectivity to gNB failed
BOG.Granada,BOG.Granada-2:H2,PLMN-PLMN/MRBTS-3266/LNBTS-3266,2024-02-10 17:02:23,,7657,BASE STATION CONNECTIVITY DEGRADED,Setup of X2 connectivity to gNB failed
BOG.Rb Colegio SantoDomingo:P2,BOG.Granada-2:H2,PLMN-PLMN/MRBTS-3266/LNBTS-3266,2024-02-10 17:02:23,,7657,BASE STATION CONNECTIVITY DEGRADED,Setup of X2 connectivity to gNB failed
BOG.Granada-2:H2,BOG.Granada-2:H2,PLMN-PLMN/MRBTS-3266/LNBTS-3266,2024-02-10 17:02:23,,7657,BASE STATION CONNECTIVITY DEGRADED,Setup of X2 connectivity to gNB failed
BOG.Bonanza,BOG.Bonanza,PLMN-PLMN/MRBTS-620/LNBTS-620/LNADJGNB-0,2024-02-09 08:04:00,,7107,BASE STATION CONNECTIVITY PROBLEM,Setup of X2 connectivity to gNB failed
BOG.Corferias-5,BOG.Corferias-5,PLMN-PLMN/MRBTS-3261/LNBTS-3261/LNADJGNB-0,2024-02-08 13:28:46,,7107,BASE STATION CONNECTIVITY PROBLEM,Setup of X2 connectivity to gNB failed
BOG.Cabrera-3,BOG.Refugio,PLMN-PLMN/MRBTS-489/LNBTS-489,2024-02-10 11:18:17,,7107,BASE STATION CONNECTIVITY PROBLEM,Latency of the link for inter-site CA permanently exceeds threshold
BOG.Cabrera-1,BOG.Refugio,PLMN-PLMN/MRBTS-489/LNBTS-489,2024-02-10 11:18:17,,7107,BASE STATION CONNECTIVITY PROBLEM,Latency of the link for inter-site CA permanently exceeds threshold
BOG.Rb Paseo Bolivar,BOG.Refugio,PLMN-PLMN/MRBTS-489/LNBTS-489,2024-02-10 11:18:17,,7107,BASE STATION CONNECTIVITY PROBLEM,Latency of the link for inter-site CA permanently exceeds threshold
BOG.Retiro-3,BOG.Refugio,PLMN-PLMN/MRBTS-489/LNBTS-489,2024-02-10 11:18:17,,7107,BASE STATION CONNECTIVITY PROBLEM,Latency of the link for inter-site CA permanently exceeds threshold
BOG.Refugio,BOG.Refugio,PLMN-PLMN/MRBTS-489/LNBTS-489,2024-02-10 11:18:17,,7107,BASE STATION CONNECTIVITY PROBLEM,Latency of the link for inter-site CA permanently exceeds threshold
BOG.Retiro-3,BOG.Retiro-3,PLMN-PLMN/MRBTS-3156/LNBTS-3156,2024-02-13 14:46:17,,7657,BASE STATION CONNECTIVITY DEGRADED,Setup of X2 connectivity to gNB failed
BOG.Retiro-2,BOG.Retiro-3,PLMN-PLMN/MRBTS-3156/LNBTS-3156,2024-02-13 14:46:17,,7657,BASE STATION CONNECTIVITY DEGRADED,Setup of X2 connectivity to gNB failed
BOG.Rosales-3,BOG.Retiro-3,PLMN-PLMN/MRBTS-3156/LNBTS-3156,2024-02-13 14:46:17,,7657,BASE STATION CONNECTIVITY DEGRADED,Setup of X2 connectivity to gNB failed
BOG.Retiro-1,BOG.Retiro-3,PLMN-PLMN/MRBTS-3156/LNBTS-3156,2024-02-13 14:46:17,,7657,BASE STATION CONNECTIVITY DEGRADED,Setup of X2 connectivity to gNB failed
BOG.Rb Calle 86-2:H3,BOG.Retiro-3,PLMN-PLMN/MRBTS-3156/LNBTS-3156,2024-02-13 14:46:17,,7657,BASE STATION CONNECTIVITY DEGRADED,Setup of X2 connectivity to gNB failed
BOG.San Rafael Industrial,BOG.San Rafael Industrial,PLMN-PLMN/MRBTS-2470/LNBTS-2470/LNADJGNB-0,2024-02-12 13:14:00,,7107,BASE STATION CONNECTIVITY PROBLEM,Setup of X2 connectivity to gNB failed
CAL.Juanambu,CAL.Juanambu,PLMN-PLMN/MRBTS-613326/LNBTS-613326/LNADJGNB-0,2024-02-07 20:43:10,,7107,BASE STATION CONNECTIVITY PROBLEM,Setup of X2 connectivity to gNB failed
BOG.Quinta Camacho-2,BOG.Quinta Camacho-2,PLMN-PLMN/MRBTS-7094/LNBTS-7094/LNADJGNB-0,2024-02-13 17:51:14,,7107,BASE STATION CONNECTIVITY PROBLEM,Setup of X2 connectivity to gNB failed
BOG.Alamos Norte,BOG.Alamos Norte,PLMN-PLMN/MRBTS-1222/LNBTS-1222/LNADJGNB-0,2024-02-10 14:50:12,,7107,BASE STATION CONNECTIVITY PROBLEM,Setup of X2 connectivity to gNB failed
BOG.Coca Cola,BOG.Coca Cola,PLMN-PLMN/MRBTS-450/LNBTS-450,2024-02-07 16:23:04,,7107,BASE STATION CONNECTIVITY PROBLEM,Inter-Site CA link establishment failure
BOG.Javeriana,BOG.Javeriana,PLMN-PLMN/MRBTS-463/LNBTS-463/LNADJGNB-0,2024-02-10 00:29:15,,7107,BASE STATION CONNECTIVITY PROBLEM,Setup of X2 connectivity to gNB failed
BOG.Santa Barbara-1,BOG.Santa Barbara-1,PLMN-PLMN/MRBTS-503/LNBTS-503/LNADJGNB-0,2024-02-08 15:04:42,,7107,BASE STATION CONNECTIVITY PROBLEM,Setup of X2 connectivity to gNB failed
CAL.Campestre-2,CAL.Campestre-2,PLMN-PLMN/MRBTS-612586/LNBTS-612586/LNADJGNB-0,2024-02-13 19:08:06,,7107,BASE STATION CONNECTIVITY PROBLEM,Setup of X2 connectivity to gNB failed
BOG.Granahorrar-1,BOG.Granahorrar-1,PLMN-PLMN/MRBTS-7668/LNBTS-7668/LNADJGNB-0,2024-02-13 17:58:51,,7107,BASE STATION CONNECTIVITY PROBLEM,Setup of X2 connectivity to gNB failed
BOG.Pontevedra-2,BOG.Pontevedra-2,PLMN-PLMN/MRBTS-3273/LNBTS-3273/LNADJGNB-0,2024-02-07 08:11:33,,7107,BASE STATION CONNECTIVITY PROBLEM,Setup of X2 connectivity to gNB failed
BOG.Minuto,BOG.Minuto,PLMN-PLMN/MRBTS-868/LNBTS-868/LNADJGNB-0,2024-02-13 15:49:39,,7107,BASE STATION CONNECTIVITY PROBLEM,Setup of X2 connectivity to gNB failed
BOG.Cedros-2,BOG.Cedros-2,PLMN-PLMN/MRBTS-683/LNBTS-683/LNADJGNB-0,2024-02-09 11:12:09,,7107,BASE STATION CONNECTIVITY PROBLEM,Setup of X2 connectivity to gNB failed
BOG.Niza,BOG.Niza,PLMN-PLMN/MRBTS-548/LNBTS-548/LNADJGNB-0,2024-02-12 09:44:38,,7107,BASE STATION CONNECTIVITY PROBLEM,Setup of X2 connectivity to gNB failed
CAL.San Antonio,CAL.San Antonio,PLMN-PLMN/MRBTS-613641/LNBTS-613641,2024-02-09 16:28:03,,7107,BASE STATION CONNECTIVITY PROBLEM,Inter-Site CA link establishment failure
CAL.San Antonio,CAL.San Antonio,PLMN-PLMN/MRBTS-613641/LNBTS-613641,2024-02-12 14:43:34,,7107,BASE STATION CONNECTIVITY PROBLEM,Inter-Site CA link establishment failure
CAL.Ingenio,CAL.Ingenio,PLMN-PLMN/MRBTS-612557/LNBTS-612557/LNADJGNB-0,2024-02-12 17:29:06,,7107,BASE STATION CONNECTIVITY PROBLEM,Setup of X2 connectivity to gNB failed
BAR.RB Campestre,BAR.RB Campestre,PLMN-PLMN/MRBTS-787779/LNBTS-787779/LNADJGNB-0,2024-02-14 04:03:12,,7107,BASE STATION CONNECTIVITY PROBLEM,Setup of X2 connectivity to gNB failed
BOG.Capuchina-1,BOG.Capuchina-1,PLMN-PLMN/MRBTS-4323/LNBTS-4323/LNADJGNB-0,2024-02-10 11:16:27,,7107,BASE STATION CONNECTIVITY PROBLEM,Setup of X2 connectivity to gNB failed
CAL.La 66,CAL.La 66,PLMN-PLMN/MRBTS-611886/LNBTS-611886/LNADJGNB-0,2024-02-12 09:28:49,,7107,BASE STATION CONNECTIVITY PROBLEM,Setup of X2 connectivity to gNB failed
BOG.Plaza Americas-2,BOG.Plaza Americas-2,PLMN-PLMN/MRBTS-9641/LNBTS-9641/LNADJGNB-0,2024-02-11 15:47:55,,7107,BASE STATION CONNECTIVITY PROBLEM,Setup of X2 connectivity to gNB failed
BOG.Temp Mintic,BOG.Temp Mintic,PLMN-PLMN/MRBTS-15798/LNBTS-15798/LNADJGNB-0,2024-02-07 18:39:14,,7107,BASE STATION CONNECTIVITY PROBLEM,Setup of X2 connectivity to gNB failed
mmWave,BOG.Temp Mintic,PLMN-PLMN/MRBTS-15798/LNBTS-15798/LNADJGNB-0,2024-02-07 18:39:14,,7107,BASE STATION CONNECTIVITY PROBLEM,Setup of X2 connectivity to gNB failed
BOG.Centro Narino:H1,BOG.Temp Mintic,PLMN-PLMN/MRBTS-15798/LNBTS-15798/LNADJGNB-0,2024-02-07 18:39:14,,7107,BASE STATION CONNECTIVITY PROBLEM,Setup of X2 connectivity to gNB failed
BOG.Granahorrar-1,BOG.Granahorrar-1,PLMN-PLMN/MRBTS-6051/LNBTS-6051/LNADJGNB-0,2024-02-13 17:58:51,,7107,BASE STATION CONNECTIVITY PROBLEM,Setup of X2 connectivity to gNB failed
BOG.Gorgonzola,BOG.Gorgonzola,PLMN-PLMN/MRBTS-3389/LNBTS-3389/LNADJGNB-0,2024-02-12 08:06:57,,7107,BASE STATION CONNECTIVITY PROBLEM,Setup of X2 connectivity to gNB failed
CAL.Aristi,CAL.Aristi,PLMN-PLMN/MRBTS-612365/LNBTS-612365/LNADJGNB-0,2024-02-12 10:14:02,,7107,BASE STATION CONNECTIVITY PROBLEM,Setup of X2 connectivity to gNB failed
CAL.Cosmo,CAL.Cosmo,PLMN-PLMN/MRBTS-611851/LNBTS-611851/LNADJGNB-0,2024-02-12 12:41:21,,7107,BASE STATION CONNECTIVITY PROBLEM,Setup of X2 connectivity to gNB failed
BOG.Gobernacion,BOG.Gobernacion,PLMN-PLMN/MRBTS-1225/LNBTS-1225/LNADJGNB-0,2024-02-12 15:51:14,,7107,BASE STATION CONNECTIVITY PROBLEM,Setup of X2 connectivity to gNB failed
BOG.Benjamin Herrera,BOG.Benjamin Herrera,PLMN-PLMN/MRBTS-354/LNBTS-354/LNADJGNB-0,2024-02-13 23:52:04,,7107,BASE STATION CONNECTIVITY PROBLEM,Setup of X2 connectivity to gNB failed
CAL.Granada-2,CAL.Granada-2,PLMN-PLMN/MRBTS-613599/LNBTS-613599/LNADJGNB-0,2024-02-07 16:18:07,,7107,BASE STATION CONNECTIVITY PROBLEM,Setup of X2 connectivity to gNB failed
BOG.Andino-3,BOG.Andino-3,PLMN-PLMN/MRBTS-8752/LNBTS-8752/LNADJGNB-0,2024-02-07 13:13:54,,7107,BASE STATION CONNECTIVITY PROBLEM,Setup of X2 connectivity to gNB failed
BAR.Ciudad Jardin,BAR.Ciudad Jardin,PLMN-PLMN/MRBTS-789553/LNBTS-789553,2024-02-07 09:21:12,,7112,BASE STATION CONFIGURATION PROBLEM,Inter eNB CA parameter(s) inconsistency in between eNBs
BAR.Ciudad Jardin,BAR.Ciudad Jardin,PLMN-PLMN/MRBTS-789553/LNBTS-789553,2024-02-10 11:15:05,,7112,BASE STATION CONFIGURATION PROBLEM,Inter eNB CA parameter(s) inconsistency in between eNBs
BOG.San Patricio-1,BOG.San Patricio-1,PLMN-PLMN/MRBTS-8140/LNBTS-8140/LNADJGNB-0,2024-02-12 20:37:57,,7107,BASE STATION CONNECTIVITY PROBLEM,Setup of X2 connectivity to gNB failed
BOG.Terminal-2,BOG.Terminal-2,PLMN-PLMN/MRBTS-7674/LNBTS-7674/LNADJGNB-0,2024-02-12 07:24:56,,7107,BASE STATION CONNECTIVITY PROBLEM,Setup of X2 connectivity to gNB failed
BOG.Parque 93-2,BOG.Parque 93-2,PLMN-PLMN/MRBTS-9444/LNBTS-9444/LNADJGNB-0,2024-02-09 13:08:30,,7107,BASE STATION CONNECTIVITY PROBLEM,Setup of X2 connectivity to gNB failed
BOG.Calle 17,BOG.Calle 17,PLMN-PLMN/MRBTS-9186/LNBTS-9186/LNADJGNB-0,2024-02-12 12:34:27,,7107,BASE STATION CONNECTIVITY PROBLEM,Setup of X2 connectivity to gNB failed
BOG.Usaquen-2,BOG.Usaquen-2,PLMN-PLMN/MRBTS-4998/LNBTS-4998/LNADJGNB-0,2024-02-10 11:16:46,,7107,BASE STATION CONNECTIVITY PROBLEM,Setup of X2 connectivity to gNB failed
BOG.La Esmeralda,BOG.La Esmeralda,PLMN-PLMN/MRBTS-3371/LNBTS-3371/LNADJGNB-0,2024-02-08 02:27:34,,7107,BASE STATION CONNECTIVITY PROBLEM,Setup of X2 connectivity to gNB failed
BOG.Bolivariano,BOG.Bolivariano,PLMN-PLMN/MRBTS-2915/LNBTS-2915,2024-02-08 16:56:06,,7107,BASE STATION CONNECTIVITY PROBLEM,Inter-Site CA link establishment failure
BOG.Centro Narino,BOG.Centro Narino,PLMN-PLMN/MRBTS-1194/LNBTS-1194/LNADJGNB-0,2024-02-13 17:43:09,,7107,BASE STATION CONNECTIVITY PROBLEM,Setup of X2 connectivity to gNB failed
CAL.Piloto,CAL.Piloto,PLMN-PLMN/MRBTS-611939/LNBTS-611939,2024-02-07 08:21:29,,7405,EXTERNAL AL 5.,Alta Temperatura Power
BOG.Royal-1,BOG.Royal-1,PLMN-PLMN/MRBTS-493/LNBTS-493/LNADJGNB-0,2024-02-13 11:48:07,,7107,BASE STATION CONNECTIVITY PROBLEM,Setup of X2 connectivity to gNB failed
BOG.Feria,BOG.Feria,PLMN-PLMN/MRBTS-758/LNBTS-758/LNADJGNB-0,2024-02-14 00:23:43,,7107,BASE STATION CONNECTIVITY PROBLEM,Setup of X2 connectivity to gNB failed
BOG.Corferias-5,BOG.Feria,PLMN-PLMN/MRBTS-758/LNBTS-758/LNADJGNB-0,2024-02-14 00:23:43,,7107,BASE STATION CONNECTIVITY PROBLEM,Setup of X2 connectivity to gNB failed
MED.Carrefour Vegas,MED.Estacion Ayura,PLMN-PLMN/MRBTS-524620/LNBTS-524620/LNCEL-151,2024-02-13 22:34:48,,7654,CELL OPERATION DEGRADED,VSWR major alarm
MED.Carrefour Vegas,MED.Estacion Ayura,PLMN-PLMN/MRBTS-524620/LNBTS-524620/LNCEL-151,2024-02-13 22:34:58,,7655,CELL NOTIFICATION,Transmission path failure
MED.Estacion Ayura,MED.Estacion Ayura,PLMN-PLMN/MRBTS-524620/LNBTS-524620/LNCEL-151,2024-02-13 22:34:48,,7654,CELL OPERATION DEGRADED,VSWR major alarm
MED.Estacion Ayura,MED.Estacion Ayura,PLMN-PLMN/MRBTS-524620/LNBTS-524620/LNCEL-151,2024-02-13 22:34:58,,7655,CELL NOTIFICATION,Transmission path failure
MED.Envigado San Marcos,MED.Estacion Ayura,PLMN-PLMN/MRBTS-524620/LNBTS-524620/LNCEL-151,2024-02-13 22:34:48,,7654,CELL OPERATION DEGRADED,VSWR major alarm
MED.Envigado San Marcos,MED.Estacion Ayura,PLMN-PLMN/MRBTS-524620/LNBTS-524620/LNCEL-151,2024-02-13 22:34:58,,7655,CELL NOTIFICATION,Transmission path failure
MED.CC Capricentro,MED.Estacion Ayura,PLMN-PLMN/MRBTS-524620/LNBTS-524620/LNCEL-151,2024-02-13 22:34:48,,7654,CELL OPERATION DEGRADED,VSWR major alarm
MED.CC Capricentro,MED.Estacion Ayura,PLMN-PLMN/MRBTS-524620/LNBTS-524620/LNCEL-151,2024-02-13 22:34:58,,7655,CELL NOTIFICATION,Transmission path failure
MED.La Casona,MED.Estacion Ayura,PLMN-PLMN/MRBTS-524620/LNBTS-524620/LNCEL-151,2024-02-13 22:34:48,,7654,CELL OPERATION DEGRADED,VSWR major alarm
MED.La Casona,MED.Estacion Ayura,PLMN-PLMN/MRBTS-524620/LNBTS-524620/LNCEL-151,2024-02-13 22:34:58,,7655,CELL NOTIFICATION,Transmission path failure
CAL.Calle 13,CAL.Calle 13,PLMN-PLMN/MRBTS-611810/LNBTS-611810/LNADJGNB-0,2024-02-11 13:05:32,,7107,BASE STATION CONNECTIVITY PROBLEM,Setup of X2 connectivity to gNB failed
BOG.Calle 90,BOG.Calle 90,PLMN-PLMN/MRBTS-260/LNBTS-260,2024-02-13 01:08:45,,7411,EXTERNAL AL 11.,LTE FALLA DE OVP-RF1RF2-RF3_UPPER_2600MHz
BOG.Barraquer,BOG.Barraquer,PLMN-PLMN/MRBTS-3252/LNBTS-3252/LNADJGNB-0,2024-02-12 01:00:43,,7107,BASE STATION CONNECTIVITY PROBLEM,Setup of X2 connectivity to gNB failed
BAR.Santa Monica,BAR.Santa Monica,PLMN-PLMN/MRBTS-789658/LNBTS-789658,2024-02-07 04:26:59,,7112,BASE STATION CONFIGURATION PROBLEM,Inter eNB CA parameter(s) inconsistency in between eNBs
CAL.Club Campestre,CAL.Club Campestre,PLMN-PLMN/MRBTS-611844/LNBTS-611844/LNADJGNB-0,2024-02-13 13:29:48,,7107,BASE STATION CONNECTIVITY PROBLEM,Setup of X2 connectivity to gNB failed
BOG.Sauzalito:H1,BOG.Sauzalito:H1,PLMN-PLMN/MRBTS-1213/LNBTS-1213/LNADJGNB-0,2024-02-13 15:34:21,,7107,BASE STATION CONNECTIVITY PROBLEM,Setup of X2 connectivity to gNB failed
CAL.Horizonte,CAL.Horizonte,PLMN-PLMN/MRBTS-613629/LNBTS-613629/LNADJGNB-0,2024-02-08 11:58:33,,7107,BASE STATION CONNECTIVITY PROBLEM,Setup of X2 connectivity to gNB failed
BOG.San Ignacio,BOG.San Ignacio,PLMN-PLMN/MRBTS-970/LNBTS-970/LNADJGNB-0,2024-02-13 22:44:46,,7107,BASE STATION CONNECTIVITY PROBLEM,Setup of X2 connectivity to gNB failed
,BOG.Carrera 5,PLMN-PLMN/MRBTS-424/LNBTS-424/LNADJGNB-0,2024-02-13 21:59:21,,7107,BASE STATION CONNECTIVITY PROBLEM,Setup of X2 connectivity to gNB failed
BAR.Buenavista-3,BAR.Parque Padilla (P1),PLMN-PLMN/MRBTS-787482/LNBTS-787482/LNADJGNB-0,2024-02-09 17:10:42,,7107,BASE STATION CONNECTIVITY PROBLEM,Setup of X2 connectivity to gNB failed
BAR.Parque Padilla (P2),BAR.Parque Padilla (P1),PLMN-PLMN/MRBTS-787482/LNBTS-787482/LNADJGNB-0,2024-02-09 17:10:42,,7107,BASE STATION CONNECTIVITY PROBLEM,Setup of X2 connectivity to gNB failed
BAR.Patinodromo,BAR.Parque Padilla (P1),PLMN-PLMN/MRBTS-787482/LNBTS-787482/LNADJGNB-0,2024-02-09 17:10:42,,7107,BASE STATION CONNECTIVITY PROBLEM,Setup of X2 connectivity to gNB failed
BAR.Altos de Riomar-2 (P1),BAR.Parque Padilla (P1),PLMN-PLMN/MRBTS-787482/LNBTS-787482/LNADJGNB-0,2024-02-09 17:10:42,,7107,BASE STATION CONNECTIVITY PROBLEM,Setup of X2 connectivity to gNB failed
BAR.Springfield:H3,BAR.Parque Padilla (P1),PLMN-PLMN/MRBTS-787482/LNBTS-787482/LNADJGNB-0,2024-02-09 17:10:42,,7107,BASE STATION CONNECTIVITY PROBLEM,Setup of X2 connectivity to gNB failed
BAR.Riomar-2 H3,BAR.Parque Padilla (P1),PLMN-PLMN/MRBTS-787482/LNBTS-787482/LNADJGNB-0,2024-02-09 17:10:42,,7107,BASE STATION CONNECTIVITY PROBLEM,Setup of X2 connectivity to gNB failed
BAR.Parque Padilla (P1),BAR.Parque Padilla (P1),PLMN-PLMN/MRBTS-787482/LNBTS-787482/LNADJGNB-0,2024-02-09 17:10:42,,7107,BASE STATION CONNECTIVITY PROBLEM,Setup of X2 connectivity to gNB failed
BOG.Santa Bibiana-2,BOG.Santa Bibiana-2,PLMN-PLMN/MRBTS-505/LNBTS-505,2024-02-09 16:44:42,,7657,BASE STATION CONNECTIVITY DEGRADED,Setup of X2 connectivity to gNB failed
BOG.Santa Helenita,BOG.Santa Helenita,PLMN-PLMN/MRBTS-991/LNBTS-991/LNADJGNB-0,2024-02-12 14:54:25,,7107,BASE STATION CONNECTIVITY PROBLEM,Setup of X2 connectivity to gNB failed
BOG.Ciudad Salitre,BOG.Ciudad Salitre,PLMN-PLMN/MRBTS-449/LNBTS-449/LNADJGNB-0,2024-02-10 13:18:50,,7107,BASE STATION CONNECTIVITY PROBLEM,Setup of X2 connectivity to gNB failed
BOG.Rb Roche,BOG.Rb Roche,PLMN-PLMN/MRBTS-2500/LNBTS-2500/LNADJGNB-0,2024-02-12 13:02:02,,7107,BASE STATION CONNECTIVITY PROBLEM,Setup of X2 connectivity to gNB failed
BOG.Rafael Uribe,BOG.Rafael Uribe,PLMN-PLMN/MRBTS-946/LNBTS-946/LNADJGNB-0,2024-02-13 13:06:10,,7107,BASE STATION CONNECTIVITY PROBLEM,Setup of X2 connectivity to gNB failed
CAL.Clinica Lili,CAL.Clinica Lili,PLMN-PLMN/MRBTS-613932/LNBTS-613932/LNADJGNB-0,2024-02-10 11:41:12,,7107,BASE STATION CONNECTIVITY PROBLEM,Setup of X2 connectivity to gNB failed
MED.La Mayoria,MED.La Mayoria,PLMN-PLMN/MRBTS-525031/LNBTS-525031,2024-02-13 18:00:22,,7412,EXTERNAL AL 12.,OVP PARALELO LOWER
BOG.La Granja-2,BOG.La Granja-2,PLMN-PLMN/MRBTS-4059/LNBTS-4059/LNADJGNB-0,2024-02-13 03:29:56,,7107,BASE STATION CONNECTIVITY PROBLEM,Setup of X2 connectivity to gNB failed
BOG.Tierra Firme,BOG.Tierra Firme,PLMN-PLMN/MRBTS-2659/LNBTS-2659,2024-02-14 04:59:52,,7412,EXTERNAL AL 12.,OVP Lower
BOG.Las Ferias-2,BOG.Las Ferias-2,PLMN-PLMN/MRBTS-308/LNBTS-308/LNADJGNB-0,2024-02-10 10:18:45,,7107,BASE STATION CONNECTIVITY PROBLEM,Setup of X2 connectivity to gNB failed
CAL.Ingenio,CAL.Ingenio,PLMN-PLMN/MRBTS-611876/LNBTS-611876/LNADJGNB-0,2024-02-12 17:29:06,,7107,BASE STATION CONNECTIVITY PROBLEM,Setup of X2 connectivity to gNB failed
BAR.El Golf,BAR.EL Golf,PLMN-PLMN/MRBTS-789664/LNBTS-789664/LNADJGNB-0,2024-02-13 14:08:57,,7107,BASE STATION CONNECTIVITY PROBLEM,Setup of X2 connectivity to gNB failed
CAL.Granada-2,CAL.Granada-2,PLMN-PLMN/MRBTS-612480/LNBTS-612480/LNADJGNB-0,2024-02-07 16:18:17,,7107,BASE STATION CONNECTIVITY PROBLEM,Setup of X2 connectivity to gNB failed
CAL.Santa Librada,CAL.Santa Librada,PLMN-PLMN/MRBTS-611967/LNBTS-611967,2024-02-08 12:05:52,,7657,BASE STATION CONNECTIVITY DEGRADED,Setup of X2 connectivity to gNB failed
CAL.Santa Librada,CAL.Santa Librada,PLMN-PLMN/MRBTS-611967/LNBTS-611967/LNMME-3,2024-02-13 15:06:48,,7657,BASE STATION CONNECTIVITY DEGRADED,S1 SCTP path failure
CAL.Santa Librada,CAL.Santa Librada,PLMN-PLMN/MRBTS-611967/LNBTS-611967/LNMME-9,2024-02-13 15:07:05,,7657,BASE STATION CONNECTIVITY DEGRADED,Transport layer connection failure in S1 interface
CAL.Calima,CAL.Calima,PLMN-PLMN/MRBTS-611808/LNBTS-611808,2024-02-13 12:58:14,,7657,BASE STATION CONNECTIVITY DEGRADED,Setup of X2 connectivity to gNB failed
BOG.Veracruz Centro,BOG.Veracruz Centro,PLMN-PLMN/MRBTS-522/LNBTS-522/LNADJGNB-0,2024-02-12 09:50:54,,7107,BASE STATION CONNECTIVITY PROBLEM,Setup of X2 connectivity to gNB failed
BOG.Castellana-2,BOG.Castellana-2,PLMN-PLMN/MRBTS-673/LNBTS-673,2024-02-10 10:47:23,,7657,BASE STATION CONNECTIVITY DEGRADED,Setup of X2 connectivity to gNB failed
BOG.Castellana-2,BOG.Castellana-2,PLMN-PLMN/MRBTS-673/LNBTS-673/LNCEL-203,2024-02-09 19:47:25,,7654,CELL OPERATION DEGRADED,VSWR major alarm
BOG.Castellana-2,BOG.Castellana-2,PLMN-PLMN/MRBTS-673/LNBTS-673/LNCEL-203,2024-02-13 20:23:00,,7655,CELL NOTIFICATION,Transmission path failure
BOG.RB Santa Paula,BOG.RB Santa Paula,PLMN-PLMN/MRBTS-9267/LNBTS-9267/LNADJGNB-0,2024-02-11 19:35:35,,7107,BASE STATION CONNECTIVITY PROBLEM,Setup of X2 connectivity to gNB failed
BOG.Palacio-2,BOG.Palacio-2,PLMN-PLMN/MRBTS-6089/LNBTS-6089/LNADJGNB-0,2024-02-07 15:23:48,,7107,BASE STATION CONNECTIVITY PROBLEM,Setup of X2 connectivity to gNB failed
BOG.Chapinero-3,BOG.Chapinero-3,PLMN-PLMN/MRBTS-2671/LNBTS-2671,2024-02-13 13:28:40,,7657,BASE STATION CONNECTIVITY DEGRADED,Setup of X2 connectivity to gNB failed
BOG.San Joaquin,BOG.San Joaquin,PLMN-PLMN/MRBTS-971/LNBTS-971/LNADJGNB-0,2024-02-10 17:24:48,,7107,BASE STATION CONNECTIVITY PROBLEM,Setup of X2 connectivity to gNB failed
BOG.Rb Ortizo,BOG.Rb Ortizo,PLMN-PLMN/MRBTS-4494/LNBTS-4494/LNADJGNB-0,2024-02-12 01:01:04,,7107,BASE STATION CONNECTIVITY PROBLEM,Setup of X2 connectivity to gNB failed
CAR.Bocagrande,CAR.Bocagrande,PLMN-PLMN/MRBTS-786533/LNBTS-786533/LNADJGNB-0,2024-02-10 21:38:17,,7107,BASE STATION CONNECTIVITY PROBLEM,Setup of X2 connectivity to gNB failed
BOG.Quinta Camacho-2,BOG.Quinta Camacho-2,PLMN-PLMN/MRBTS-4616/LNBTS-4616/LNADJGNB-0,2024-02-13 17:51:13,,7107,BASE STATION CONNECTIVITY PROBLEM,Setup of X2 connectivity to gNB failed
BOG.Patria:H2,BOG.Carrera 11,PLMN-PLMN/MRBTS-669/LNBTS-669,2024-02-13 11:06:41,,7657,BASE STATION CONNECTIVITY DEGRADED,Setup of X2 connectivity to gNB failed
BOG.Carrera 11,BOG.Carrera 11,PLMN-PLMN/MRBTS-669/LNBTS-669,2024-02-13 11:06:41,,7657,BASE STATION CONNECTIVITY DEGRADED,Setup of X2 connectivity to gNB failed
BOG.Chico Norte-2,BOG.Carrera 11,PLMN-PLMN/MRBTS-669/LNBTS-669,2024-02-13 11:06:41,,7657,BASE STATION CONNECTIVITY DEGRADED,Setup of X2 connectivity to gNB failed
BOG.Calle 95-2:H2,BOG.Carrera 11,PLMN-PLMN/MRBTS-669/LNBTS-669,2024-02-13 11:06:41,,7657,BASE STATION CONNECTIVITY DEGRADED,Setup of X2 connectivity to gNB failed
BAR.Cumbre,BAR.Cumbre,PLMN-PLMN/MRBTS-787691/LNBTS-787691,2024-02-13 16:30:00,,7107,BASE STATION CONNECTIVITY PROBLEM,Inter-Site CA link establishment failure
BOG.Teleport,BOG.Teleport,PLMN-PLMN/MRBTS-6072/LNBTS-6072/LNADJGNB-0,2024-02-13 13:30:56,,7107,BASE STATION CONNECTIVITY PROBLEM,Setup of X2 connectivity to gNB failed
BOG.Nueva Autopista,BOG.Nueva Autopista,PLMN-PLMN/MRBTS-888/LNBTS-888/LNADJGNB-0,2024-02-12 12:58:23,,7107,BASE STATION CONNECTIVITY PROBLEM,Setup of X2 connectivity to gNB failed
BOG.Centro Narino:H1,BOG.Centro Narino:H1,PLMN-PLMN/MRBTS-685/LNBTS-685/LNADJGNB-0,2024-02-13 16:44:11,,7107,BASE STATION CONNECTIVITY PROBLEM,Setup of X2 connectivity to gNB failed
CAL.IND Sodimac Sur,CAL.IND Sodimac Sur,PLMN-PLMN/MRBTS-612272/LNBTS-612272/LNADJGNB-0,2024-02-09 11:49:05,,7107,BASE STATION CONNECTIVITY PROBLEM,Setup of X2 connectivity to gNB failed
CAL.1 de Mayo,CAL.1 de Mayo,PLMN-PLMN/MRBTS-611778/LNBTS-611778/LNADJGNB-0,2024-02-11 15:21:00,,7107,BASE STATION CONNECTIVITY PROBLEM,Setup of X2 connectivity to gNB failed
CAL.Calima,CAL.Calima,PLMN-PLMN/MRBTS-612962/LNBTS-612962/LNADJGNB-0,2024-02-07 15:24:23,,7107,BASE STATION CONNECTIVITY PROBLEM,Setup of X2 connectivity to gNB failed
CAL.Calima,CAL.Calima,PLMN-PLMN/MRBTS-612962/LNBTS-612962/LNADJGNB-0,2024-02-13 12:57:22,,7107,BASE STATION CONNECTIVITY PROBLEM,Setup of X2 connectivity to gNB failed
BOG.Santa Bibiana-4,BOG.Santa Bibiana-4,PLMN-PLMN/MRBTS-3221/LNBTS-3221,2024-02-12 14:04:46,,7657,BASE STATION CONNECTIVITY DEGRADED,Setup of X2 connectivity to gNB failed
BOG.Las Ferias-2,BOG.Las Ferias-2,PLMN-PLMN/MRBTS-3053/LNBTS-3053/LNADJGNB-0,2024-02-10 10:18:45,,7107,BASE STATION CONNECTIVITY PROBLEM,Setup of X2 connectivity to gNB failed
BOG.Bolivariano,BOG.Bolivariano,PLMN-PLMN/MRBTS-8442/LNBTS-8442,2024-02-08 17:05:08,,7107,BASE STATION CONNECTIVITY PROBLEM,Inter-Site CA link establishment failure
BOG.Bolivariano,BOG.Bolivariano,PLMN-PLMN/MRBTS-619/LNBTS-619/LNADJGNB-0,2024-02-09 18:30:56,,7107,BASE STATION CONNECTIVITY PROBLEM,Setup of X2 connectivity to gNB failed
CAL.Limonar,CAL.Limonar,PLMN-PLMN/MRBTS-613649/LNBTS-613649/LNADJGNB-0,2024-02-12 07:16:25,,7107,BASE STATION CONNECTIVITY PROBLEM,Setup of X2 connectivity to gNB failed
BOG.IND Fundacion Santafe-2,BOG.IND Fundacion Santafe-2,PLMN-PLMN/MRBTS-9349/LNBTS-9349/LNADJGNB-0,2024-02-10 11:16:28,,7107,BASE STATION CONNECTIVITY PROBLEM,Setup of X2 connectivity to gNB failed
BOG.Palacio-2,BOG.Palacio-2,PLMN-PLMN/MRBTS-2874/LNBTS-2874/LNADJGNB-0,2024-02-07 15:23:31,,7107,BASE STATION CONNECTIVITY PROBLEM,Setup of X2 connectivity to gNB failed
BOG.CC San Martin,BOG.CC San Martin,PLMN-PLMN/MRBTS-2166/LNBTS-2166/LNADJGNB-0,2024-02-13 04:16:06,,7107,BASE STATION CONNECTIVITY PROBLEM,Setup of X2 connectivity to gNB failed
BAR.Parque Padilla (P2),BAR.Parque Padilla (P2),PLMN-PLMN/MRBTS-788711/LNBTS-788711/LNADJGNB-0,2024-02-09 17:13:56,,7107,BASE STATION CONNECTIVITY PROBLEM,Setup of X2 connectivity to gNB failed
CAL.Campestre,CAL.Campestre,PLMN-PLMN/MRBTS-611815/LNBTS-611815/LNADJGNB-0,2024-02-10 13:37:02,,7107,BASE STATION CONNECTIVITY PROBLEM,Setup of X2 connectivity to gNB failed
BOG.Floresta-2,BOG.Floresta-2,PLMN-PLMN/MRBTS-8755/LNBTS-8755/LNADJGNB-0,2024-02-13 19:47:31,,7107,BASE STATION CONNECTIVITY PROBLEM,Setup of X2 connectivity to gNB failed
BAR.Riomar-2 H3,BAR.Riomar-2 H3,PLMN-PLMN/MRBTS-786816/LNBTS-786816/LNADJGNB-0,2024-02-09 17:16:44,,7107,BASE STATION CONNECTIVITY PROBLEM,Setup of X2 connectivity to gNB failed
CAL.Campina,CAL.Campina,PLMN-PLMN/MRBTS-613733/LNBTS-613733/LNADJGNB-0,2024-02-07 15:24:32,,7107,BASE STATION CONNECTIVITY PROBLEM,Setup of X2 connectivity to gNB failed
CAL.Sucre,CAL.Sucre,PLMN-PLMN/MRBTS-611977/LNBTS-611977/LNADJGNB-0,2024-02-12 22:18:04,,7107,BASE STATION CONNECTIVITY PROBLEM,Setup of X2 connectivity to gNB failed
BAR.Concretos (P1),BAR.Concretos (P1),PLMN-PLMN/MRBTS-787355/LNBTS-787355/LNADJGNB-0,2024-02-13 14:08:48,,7107,BASE STATION CONNECTIVITY PROBLEM,Setup of X2 connectivity to gNB failed
BOG.Multicentro-2,BOG.Multicentro-2,PLMN-PLMN/MRBTS-8829/LNBTS-8829/LNADJGNB-0,2024-02-11 22:26:54,,7107,BASE STATION CONNECTIVITY PROBLEM,Setup of X2 connectivity to gNB failed
BOG.Santafe,BOG.Santafe,PLMN-PLMN/MRBTS-509/LNBTS-509,2024-02-13 16:27:41,,7657,BASE STATION CONNECTIVITY DEGRADED,Setup of X2 connectivity to gNB failed
MED.Esmeraldal Inter,MED.Esmeraldal Inter,PLMN-PLMN/MRBTS-525515/LNBTS-525515,2024-02-09 21:14:26,,7411,EXTERNAL AL 11.,OVP_ Parallel Uper
MED.Molinos del Viento,MED.Esmeraldal Inter,PLMN-PLMN/MRBTS-525515/LNBTS-525515,2024-02-09 21:14:26,,7411,EXTERNAL AL 11.,OVP_ Parallel Uper
CAL.Ingenio,CAL.Ingenio,PLMN-PLMN/MRBTS-613255/LNBTS-613255/LNADJGNB-0,2024-02-12 17:29:06,,7107,BASE STATION CONNECTIVITY PROBLEM,Setup of X2 connectivity to gNB failed
BOG.Almonacid,BOG.Almonacid,PLMN-PLMN/MRBTS-578/LNBTS-578/LNADJGNB-0,2024-02-09 17:10:51,,7107,BASE STATION CONNECTIVITY PROBLEM,Setup of X2 connectivity to gNB failed
BOG.San Patricio-1,BOG.San Patricio-1,PLMN-PLMN/MRBTS-498/LNBTS-498/LNADJGNB-0,2024-02-12 20:37:57,,7107,BASE STATION CONNECTIVITY PROBLEM,Setup of X2 connectivity to gNB failed
BOG.Contador,BOG.Contador,PLMN-PLMN/MRBTS-713/LNBTS-713/LNADJGNB-0,2024-02-07 21:06:56,,7107,BASE STATION CONNECTIVITY PROBLEM,Setup of X2 connectivity to gNB failed
BOG.Quirigua,BOG.Quirigua,PLMN-PLMN/MRBTS-943/LNBTS-943,2024-02-10 14:30:57,,7657,BASE STATION CONNECTIVITY DEGRADED,Setup of X2 connectivity to gNB failed
CAL.Santo Domingo,CAL.Santo domingo,PLMN-PLMN/MRBTS-613643/LNBTS-613643/LNADJGNB-0,2024-02-11 14:29:26,,7107,BASE STATION CONNECTIVITY PROBLEM,Setup of X2 connectivity to gNB failed
BOG.Alborada,BOG.Alborada,PLMN-PLMN/MRBTS-2663/LNBTS-2663/LNADJGNB-0,2024-02-11 20:20:59,,7107,BASE STATION CONNECTIVITY PROBLEM,Setup of X2 connectivity to gNB failed
CAL.Hacienda,CAL.Hacienda,PLMN-PLMN/MRBTS-613445/LNBTS-613445/LNADJGNB-0,2024-02-07 15:24:35,,7107,BASE STATION CONNECTIVITY PROBLEM,Setup of X2 connectivity to gNB failed
BOG.Rb Usatama:H1,BOG.Rb Usatama:H1,PLMN-PLMN/MRBTS-3487/LNBTS-3487,2024-02-12 12:53:03,,7657,BASE STATION CONNECTIVITY DEGRADED,Setup of X2 connectivity to gNB failed
BOG.Rb Usatama:H1,BOG.Rb Usatama:H1,PLMN-PLMN/MRBTS-3487/LNBTS-3487/LNCEL-1,2024-02-12 13:26:36,,7654,CELL OPERATION DEGRADED,RF Module failure
BOG.Rb Usatama:H1,BOG.Rb Usatama:H1,PLMN-PLMN/MRBTS-3487/LNBTS-3487/LNCEL-1,2024-02-12 13:26:47,,7655,CELL NOTIFICATION,Transmission path failure
BOG.Baleares,BOG.Baleares,PLMN-PLMN/MRBTS-605/LNBTS-605/LNADJGNB-0,2024-02-09 13:20:08,,7107,BASE STATION CONNECTIVITY PROBLEM,Setup of X2 connectivity to gNB failed
BOG.Belmira,BOG.Belmira,PLMN-PLMN/MRBTS-612/LNBTS-612/LNADJGNB-0,2024-02-11 17:58:28,,7107,BASE STATION CONNECTIVITY PROBLEM,Setup of X2 connectivity to gNB failed
CAL.Santa Isabel,CAL.Santa Isabel,PLMN-PLMN/MRBTS-613616/LNBTS-613616/LNADJGNB-0,2024-02-12 19:29:26,,7107,BASE STATION CONNECTIVITY PROBLEM,Setup of X2 connectivity to gNB failed
BOG.Hospital Mayora,BOG.Hospital Mayor,PLMN-PLMN/MRBTS-782/LNBTS-782/LNADJGNB-0,2024-02-10 14:50:44,,7107,BASE STATION CONNECTIVITY PROBLEM,Setup of X2 connectivity to gNB failed
BOG.Sauzalito:H1,BOG.Sauzalito:H1,PLMN-PLMN/MRBTS-6366/LNBTS-6366/LNADJGNB-0,2024-02-13 15:35:43,,7107,BASE STATION CONNECTIVITY PROBLEM,Setup of X2 connectivity to gNB failed
BAR.Club Caujaral,BAR.Club Caujaral,PLMN-PLMN/MRBTS-789291/LNBTS-789291/LNADJGNB-0,2024-02-13 18:47:59,,7107,BASE STATION CONNECTIVITY PROBLEM,Setup of X2 connectivity to gNB failed
BOG.Rb Pablo Sexto,BOG.Rb Pablo Sexto,PLMN-PLMN/MRBTS-5427/LNBTS-5427,2024-02-14 00:26:42,,7657,BASE STATION CONNECTIVITY DEGRADED,Setup of X2 connectivity to gNB failed
CAL.Cambulos,CAL.Cambulos,PLMN-PLMN/MRBTS-611813/LNBTS-611813/LNADJGNB-0,2024-02-12 13:59:48,,7107,BASE STATION CONNECTIVITY PROBLEM,Setup of X2 connectivity to gNB failed
BAR.Buenavista-2 (P3),BAR.Buenavista-2 (P3),PLMN-PLMN/MRBTS-789724/LNBTS-789724,2024-02-12 13:01:51,,7107,BASE STATION CONNECTIVITY PROBLEM,Latency of the link for inter-site CA permanently exceeds threshold
BOG.Aures,BOG.Aures,PLMN-PLMN/MRBTS-596/LNBTS-596,2024-02-13 06:08:52,,7657,BASE STATION CONNECTIVITY DEGRADED,Setup of X2 connectivity to gNB failed
BOG.Aures,BOG.Aures,PLMN-PLMN/MRBTS-596/LNBTS-596/LNCEL-201,2024-02-13 06:06:05,,7654,CELL OPERATION DEGRADED,VSWR major alarm
BOG.Aures,BOG.Aures,PLMN-PLMN/MRBTS-596/LNBTS-596/LNCEL-201,2024-02-13 06:06:16,,7655,CELL NOTIFICATION,Transmission path failure
CAL.IND Harinera del Valle-2,CAL.IND Harinera del Valle-2,PLMN-PLMN/MRBTS-612793/LNBTS-612793,2024-02-13 19:42:35,,7657,BASE STATION CONNECTIVITY DEGRADED,Setup of X2 connectivity to gNB failed
CAL.Canaveralejo,CAL.Canaveralejo,PLMN-PLMN/MRBTS-611818/LNBTS-611818/LNADJGNB-0,2024-02-12 11:40:10,,7107,BASE STATION CONNECTIVITY PROBLEM,Setup of X2 connectivity to gNB failed
BOG.Cedros-2,BOG.Cedros-2,PLMN-PLMN/MRBTS-6937/LNBTS-6937/LNADJGNB-0,2024-02-09 11:12:10,,7107,BASE STATION CONNECTIVITY PROBLEM,Setup of X2 connectivity to gNB failed
CAR.Bco Popular-1,CAR.Bco Popular-1,PLMN-PLMN/MRBTS-786530/LNBTS-786530/LNADJGNB-0,2024-02-13 18:09:06,,7107,BASE STATION CONNECTIVITY PROBLEM,Setup of X2 connectivity to gNB failed
MED.ISA,MED.ISA,PLMN-PLMN/MRBTS-524631/LNBTS-524631,2024-02-13 10:39:53,,7651,BASE STATION OPERATION DEGRADED,BTS reference clock missing
BOG.Multicentro-1,BOG.Multicentro-1,PLMN-PLMN/MRBTS-473/LNBTS-473,2024-02-12 14:10:00,,7651,BASE STATION OPERATION DEGRADED,BTS reference clock missing
BOG.Chico Reservado-2,BOG.Chico Reservado-2,PLMN-PLMN/MRBTS-432/LNBTS-432/LNCEL-153,2024-02-11 19:42:39,,7654,CELL OPERATION DEGRADED,VSWR minor alarm
CAL.Multicentro-2,CAL.Multicentro-2,PLMN-PLMN/MRBTS-611923/LNBTS-611923/LNADJGNB-0,2024-02-07 16:01:45,,7107,BASE STATION CONNECTIVITY PROBLEM,Setup of X2 connectivity to gNB failed
BOG.Periodistas-2,BOG.Periodistas-2,PLMN-PLMN/MRBTS-8756/LNBTS-8756/LNADJGNB-0,2024-02-12 14:56:47,,7107,BASE STATION CONNECTIVITY PROBLEM,Setup of X2 connectivity to gNB failed
CAL.Normandia,CAL.Normandia,PLMN-PLMN/MRBTS-611927/LNBTS-611927/LNADJGNB-0,2024-02-12 16:25:56,,7107,BASE STATION CONNECTIVITY PROBLEM,Setup of X2 connectivity to gNB failed
BOG.Quinta Paredes-2,BOG.Quinta Paredes-2,PLMN-PLMN/MRBTS-15973/LNBTS-15973/LNADJGNB-0,2024-02-14 01:55:32,,7107,BASE STATION CONNECTIVITY PROBLEM,Setup of X2 connectivity to gNB failed
BOG.Iserra 100:H1,BOG.Iserra 100:H1,PLMN-PLMN/MRBTS-4085/LNBTS-4085/LNADJGNB-0,2024-02-08 17:07:21,,7107,BASE STATION CONNECTIVITY PROBLEM,Setup of X2 connectivity to gNB failed
BOG.Murillo Toro,BOG.Murillo Toro,PLMN-PLMN/MRBTS-3899/LNBTS-3899,2024-02-07 11:27:41,,7107,BASE STATION CONNECTIVITY PROBLEM,Inter-Site CA link establishment failure
BOG.Centro Narino:H1,BOG.Centro Narino:H1,PLMN-PLMN/MRBTS-6452/LNBTS-6452,2024-02-13 16:44:11,,7657,BASE STATION CONNECTIVITY DEGRADED,Setup of X2 connectivity to gNB failed
CAL.Granada,CAL.Granada,PLMN-PLMN/MRBTS-611869/LNBTS-611869/LNADJGNB-0,2024-02-13 11:22:17,,7107,BASE STATION CONNECTIVITY PROBLEM,Setup of X2 connectivity to gNB failed
BOG.Telmex Suba,BOG.Telmex Suba,PLMN-PLMN/MRBTS-1022/LNBTS-1022/LNADJGNB-0,2024-02-08 22:11:27,,7107,BASE STATION CONNECTIVITY PROBLEM,Setup of X2 connectivity to gNB failed
CAL.Via Pance,CAL.Via Pance,PLMN-PLMN/MRBTS-613644/LNBTS-613644/LNADJGNB-0,2024-02-13 18:36:50,,7107,BASE STATION CONNECTIVITY PROBLEM,Setup of X2 connectivity to gNB failed
BOG.Tibabuyes-2,BOG.Tibabuyes-2,PLMN-PLMN/MRBTS-1027/LNBTS-1027/LNADJGNB-0,2024-02-13 15:56:16,,7107,BASE STATION CONNECTIVITY PROBLEM,Setup of X2 connectivity to gNB failed
BOG.Pepe Sierra-2,BOG.Pepe Sierra-2,PLMN-PLMN/MRBTS-913/LNBTS-913/LNCEL-152,2024-02-13 14:09:54,,7654,CELL OPERATION DEGRADED,Antenna Line Device failure
BOG.Pepe Sierra-2,BOG.Pepe Sierra-2,PLMN-PLMN/MRBTS-913/LNBTS-913/LNCEL-2,2024-02-13 14:09:54,,7654,CELL OPERATION DEGRADED,Antenna Line Device failure
BUC.Fosunab,BUC.Fosunab,PLMN-PLMN/MRBTS-1894/LNBTS-1894/LNCEL-153,2024-02-12 12:13:26,,7654,CELL OPERATION DEGRADED,VSWR major alarm
BUC.Fosunab,BUC.Fosunab,PLMN-PLMN/MRBTS-1894/LNBTS-1894/LNCEL-153,2024-02-12 12:13:36,,7655,CELL NOTIFICATION,Transmission path failure
CAL.San Vicente,CAL.San Vicente,PLMN-PLMN/MRBTS-613688/LNBTS-613688,2024-02-07 20:44:13,,7107,BASE STATION CONNECTIVITY PROBLEM,Inter-Site CA link establishment failure
CAL.San Vicente,CAL.San Vicente,PLMN-PLMN/MRBTS-613688/LNBTS-613688,2024-02-12 21:25:48,,7107,BASE STATION CONNECTIVITY PROBLEM,Inter-Site CA link establishment failure
CAL.San Vicente,CAL.San Vicente,PLMN-PLMN/MRBTS-613688/LNBTS-613688/LNADJGNB-0,2024-02-07 20:43:09,,7107,BASE STATION CONNECTIVITY PROBLEM,Setup of X2 connectivity to gNB failed
CAL.San Vicente,CAL.San Vicente,PLMN-PLMN/MRBTS-613688/LNBTS-613688/LNADJGNB-0,2024-02-12 21:24:45,,7107,BASE STATION CONNECTIVITY PROBLEM,Setup of X2 connectivity to gNB failed
BOG.CC Santa Ana,BOG.CC Santa Ana,PLMN-PLMN/MRBTS-678/LNBTS-678/LNADJGNB-0,2024-02-13 14:29:05,,7107,BASE STATION CONNECTIVITY PROBLEM,Setup of X2 connectivity to gNB failed
BOG.Monte Loma,BOG.Monte Loma,PLMN-PLMN/MRBTS-472/LNBTS-472/LNADJGNB-0,2024-02-09 13:23:02,,7107,BASE STATION CONNECTIVITY PROBLEM,Setup of X2 connectivity to gNB failed
BOG.Lourdes,BOG.Lourdes,PLMN-PLMN/MRBTS-3234/LNBTS-3234,2024-02-10 11:02:58,,7401,EXTERNAL AL 1.,Power en baterias
BOG.Lourdes,BOG.Lourdes,PLMN-PLMN/MRBTS-3234/LNBTS-3234,2024-02-10 11:02:58,,7407,EXTERNAL AL 7.,Falla de AC Power
BOG.Lourdes,BOG.Lourdes,PLMN-PLMN/MRBTS-3234/LNBTS-3234/LNMME-8,2024-02-14 05:08:00,,7657,BASE STATION CONNECTIVITY DEGRADED,S1 interface setup failure
CAL.RB Circunvalar P2,CAL.RB Circunvalar P2,PLMN-PLMN/MRBTS-612410/LNBTS-612410/LNADJGNB-0,2024-02-12 18:23:55,,7107,BASE STATION CONNECTIVITY PROBLEM,Setup of X2 connectivity to gNB failed
BOG.Sheraton-1,BOG.Sheraton-1,PLMN-PLMN/MRBTS-3704/LNBTS-3704/LNADJGNB-0,2024-02-08 17:07:08,,7107,BASE STATION CONNECTIVITY PROBLEM,Setup of X2 connectivity to gNB failed
BAR.Buenavista-2 (P2),BAR.Buenavista-2 (P2),PLMN-PLMN/MRBTS-789570/LNBTS-789570/LNADJGNB-0,2024-02-11 13:54:03,,7107,BASE STATION CONNECTIVITY PROBLEM,Setup of X2 connectivity to gNB failed
BOG.Galan,BOG.Galan,PLMN-PLMN/MRBTS-296/LNBTS-296/LNADJGNB-0,2024-02-08 15:29:13,,7107,BASE STATION CONNECTIVITY PROBLEM,Setup of X2 connectivity to gNB failed
BOG.San Rafael Industrial,BOG.San Rafael Industrial,PLMN-PLMN/MRBTS-4469/LNBTS-4469/LNADJGNB-0,2024-02-12 13:14:00,,7107,BASE STATION CONNECTIVITY PROBLEM,Setup of X2 connectivity to gNB failed
BOG.Centro Metropolis,BOG.Centro Metropolis,PLMN-PLMN/MRBTS-365/LNBTS-365/LNADJGNB-0,2024-02-13 12:10:11,,7107,BASE STATION CONNECTIVITY PROBLEM,Setup of X2 connectivity to gNB failed
CAL.Chorros,CAL.Chorros,PLMN-PLMN/MRBTS-612637/LNBTS-612637/LNADJGNB-0,2024-02-08 16:20:15,,7107,BASE STATION CONNECTIVITY PROBLEM,Setup of X2 connectivity to gNB failed
CAL.Chorros,CAL.Chorros,PLMN-PLMN/MRBTS-612637/LNBTS-612637/LNADJGNB-0,2024-02-13 11:13:44,,7107,BASE STATION CONNECTIVITY PROBLEM,Setup of X2 connectivity to gNB failed
BOG.Capri-2,BOG.Capri-2,PLMN-PLMN/MRBTS-665/LNBTS-665,2024-02-13 12:35:59,,7657,BASE STATION CONNECTIVITY DEGRADED,Setup of X2 connectivity to gNB failed
BAR.Riomar,BAR.Riomar,PLMN-PLMN/MRBTS-13539/LNBTS-13539,2024-02-09 16:00:00,,7657,BASE STATION CONNECTIVITY DEGRADED,Setup of X2 connectivity to gNB failed
CAL.La Calenidad,CAL.La Calenidad,PLMN-PLMN/MRBTS-611889/LNBTS-611889,2024-02-13 20:02:02,,7657,BASE STATION CONNECTIVITY DEGRADED,Setup of X2 connectivity to gNB failed
BCA.Terminal,BCA.Terminal,PLMN-PLMN/MRBTS-5011/LNBTS-5011,2024-02-13 20:09:02,,7111,BASE STATION SOFTWARE MANAGEMENT PROBLEM,Inter eNB SW inconsistency in between cluster members
CAL.Inmaculada,CAL.Inmaculada,PLMN-PLMN/MRBTS-612481/LNBTS-612481,2024-02-13 21:54:27,,7657,BASE STATION CONNECTIVITY DEGRADED,Setup of X2 connectivity to gNB failed
BOG.Chico Norte-2,BOG.Chico Norte-2,PLMN-PLMN/MRBTS-1735/LNBTS-1735,2024-02-13 21:29:12,,7412,EXTERNAL AL 12.,OVP Paralelo Lower
BOG.Atavanza,BOG.Atavanza,PLMN-PLMN/MRBTS-2665/LNBTS-2665/LNADJGNB-0,2024-02-13 15:49:06,,7107,BASE STATION CONNECTIVITY PROBLEM,Setup of X2 connectivity to gNB failed
BOG.IND Fundacion Santafe-4,BOG.IND Fundacion Santafe-4,PLMN-PLMN/MRBTS-9348/LNBTS-9348/LNADJGNB-0,2024-02-07 14:59:42,,7107,BASE STATION CONNECTIVITY PROBLEM,Setup of X2 connectivity to gNB failed
BOG.Cataluna-2,BOG.Cataluna-2,PLMN-PLMN/MRBTS-1889/LNBTS-1889/LNADJGNB-0,2024-02-10 12:54:48,,7107,BASE STATION CONNECTIVITY PROBLEM,Setup of X2 connectivity to gNB failed
BOG.Britalia-2,BOG.Britalia-2,PLMN-PLMN/MRBTS-645/LNBTS-645,2024-02-14 04:41:54,,7657,BASE STATION CONNECTIVITY DEGRADED,Setup of X2 connectivity to gNB failed
BOG.Umb,BOG.Umb,PLMN-PLMN/MRBTS-515/LNBTS-515/LNCEL-151,2024-02-14 00:13:19,,7654,CELL OPERATION DEGRADED,RF Module failure
BOG.Umb,BOG.Umb,PLMN-PLMN/MRBTS-515/LNBTS-515/LNCEL-151,2024-02-14 00:13:29,,7655,CELL NOTIFICATION,Transmission path failure
BOG.Corferias-4,BOG.Corferias-4,PLMN-PLMN/MRBTS-2292/LNBTS-2292/LNADJGNB-0,2024-02-08 13:01:07,,7107,BASE STATION CONNECTIVITY PROBLEM,Setup of X2 connectivity to gNB failed
BOG.Bonanza-2,BOG.Bonanza-2,PLMN-PLMN/MRBTS-621/LNBTS-621/LNADJGNB-0,2024-02-10 10:56:01,,7107,BASE STATION CONNECTIVITY PROBLEM,Setup of X2 connectivity to gNB failed
BAR.Caridad del Cobre,BAR.Ciudad Jardin,PLMN-PLMN/MRBTS-786729/LNBTS-786729,2024-02-10 11:15:05,,7112,BASE STATION CONFIGURATION PROBLEM,Inter eNB CA parameter(s) inconsistency in between eNBs
BAR.Caridad del Cobre,BAR.Ciudad Jardin,PLMN-PLMN/MRBTS-786729/LNBTS-786729/LNADJGNB-0,2024-02-10 11:18:45,,7107,BASE STATION CONNECTIVITY PROBLEM,Setup of X2 connectivity to gNB failed
BAR.Ciudad Jardin,BAR.Ciudad Jardin,PLMN-PLMN/MRBTS-786729/LNBTS-786729,2024-02-10 11:15:05,,7112,BASE STATION CONFIGURATION PROBLEM,Inter eNB CA parameter(s) inconsistency in between eNBs
BAR.Ciudad Jardin,BAR.Ciudad Jardin,PLMN-PLMN/MRBTS-786729/LNBTS-786729/LNADJGNB-0,2024-02-10 11:18:45,,7107,BASE STATION CONNECTIVITY PROBLEM,Setup of X2 connectivity to gNB failed
CAL.1 de Mayo,CAL.1 de Mayo,PLMN-PLMN/MRBTS-613702/LNBTS-613702/LNADJGNB-0,2024-02-11 15:20:49,,7107,BASE STATION CONNECTIVITY PROBLEM,Setup of X2 connectivity to gNB failed
BOG.Periodistas-1,BOG.Periodistas-1,PLMN-PLMN/MRBTS-7730/LNBTS-7730/LNADJGNB-0,2024-02-07 13:30:22,,7107,BASE STATION CONNECTIVITY PROBLEM,Setup of X2 connectivity to gNB failed
CAL.Unicentro,CAL.Unicentro,PLMN-PLMN/MRBTS-612185/LNBTS-612185/LNADJGNB-0,2024-02-10 13:25:58,,7107,BASE STATION CONNECTIVITY PROBLEM,Setup of X2 connectivity to gNB failed
BOG.Pradera,BOG.Pradera,PLMN-PLMN/MRBTS-931/LNBTS-931/LNADJGNB-0,2024-02-12 04:48:15,,7107,BASE STATION CONNECTIVITY PROBLEM,Setup of X2 connectivity to gNB failed
BAR.Exito-2 (P2),BAR.Exito-2 (P2),PLMN-PLMN/MRBTS-787361/LNBTS-787361/LNADJGNB-0,2024-02-13 17:14:06,,7107,BASE STATION CONNECTIVITY PROBLEM,Setup of X2 connectivity to gNB failed
BAR.Exito,BAR.Exito-2 (P2),PLMN-PLMN/MRBTS-787361/LNBTS-787361/LNADJGNB-0,2024-02-13 17:14:06,,7107,BASE STATION CONNECTIVITY PROBLEM,Setup of X2 connectivity to gNB failed
CAL.Campina,CAL.Campina,PLMN-PLMN/MRBTS-611816/LNBTS-611816/LNADJGNB-0,2024-02-07 15:25:53,,7107,BASE STATION CONNECTIVITY PROBLEM,Setup of X2 connectivity to gNB failed
CAL.14 Pasoancho,CAL.14 Pasoancho,PLMN-PLMN/MRBTS-613903/LNBTS-613903/LNADJGNB-0,2024-02-13 02:06:55,,7107,BASE STATION CONNECTIVITY PROBLEM,Setup of X2 connectivity to gNB failed
BOG.Pradera,BOG.Pradera,PLMN-PLMN/MRBTS-3806/LNBTS-3806,2024-02-11 00:42:12,,7657,BASE STATION CONNECTIVITY DEGRADED,Setup of X2 connectivity to gNB failed
MED.Esmeraldal Flores:H1,MED.Esmeraldal Flores:H1,PLMN-PLMN/MRBTS-525498/LNBTS-525498,2024-02-09 21:13:12,,7412,EXTERNAL AL 12.,OVP PARALELO LOWER
BOG.Alcazares,BOG.Alcazares,PLMN-PLMN/MRBTS-349/LNBTS-349/LNADJGNB-0,2024-02-10 10:50:31,,7107,BASE STATION CONNECTIVITY PROBLEM,Setup of X2 connectivity to gNB failed
BOG.Benjamin Herrera-2,BOG.Benjamin Herrera-2,PLMN-PLMN/MRBTS-355/LNBTS-355/LNADJGNB-0,2024-02-13 18:19:46,,7107,BASE STATION CONNECTIVITY PROBLEM,Setup of X2 connectivity to gNB failed
BOG.Carrera 7,BOG.Carrera 7,PLMN-PLMN/MRBTS-2202/LNBTS-2202/LNADJGNB-0,2024-02-13 11:25:01,,7107,BASE STATION CONNECTIVITY PROBLEM,Setup of X2 connectivity to gNB failed
BOG.Cabrera 86:H1,BOG.Cabrera 86:H1,PLMN-PLMN/MRBTS-9410/LNBTS-9410/LNADJGNB-0,2024-02-12 01:02:59,,7107,BASE STATION CONNECTIVITY PROBLEM,Setup of X2 connectivity to gNB failed
CAR.Getsemani,CAR.Getsemani,PLMN-PLMN/MRBTS-786577/LNBTS-786577/LNADJGNB-0,2024-02-09 17:20:13,,7107,BASE STATION CONNECTIVITY PROBLEM,Setup of X2 connectivity to gNB failed
BOG.La Salle-2,BOG.La Salle-2,PLMN-PLMN/MRBTS-2490/LNBTS-2490/LNADJGNB-0,2024-02-10 12:19:20,,7107,BASE STATION CONNECTIVITY PROBLEM,Setup of X2 connectivity to gNB failed
BOG.Gran America,BOG.Gran America,PLMN-PLMN/MRBTS-460/LNBTS-460/LNADJGNB-0,2024-02-12 10:43:54,,7107,BASE STATION CONNECTIVITY PROBLEM,Setup of X2 connectivity to gNB failed
BOG.San Francisco,BOG.San Francisco,PLMN-PLMN/MRBTS-332/LNBTS-332/LNADJGNB-0,2024-02-12 13:17:58,,7107,BASE STATION CONNECTIVITY PROBLEM,Setup of X2 connectivity to gNB failed
BOG.Av Americas,BOG.Av Americas,PLMN-PLMN/MRBTS-5783/LNBTS-5783/LNADJGNB-0,2024-02-09 15:24:11,,7107,BASE STATION CONNECTIVITY PROBLEM,Setup of X2 connectivity to gNB failed
BOG.Consuelo,BOG.Consuelo,PLMN-PLMN/MRBTS-712/LNBTS-712/LNADJGNB-0,2024-02-10 14:45:28,,7107,BASE STATION CONNECTIVITY PROBLEM,Setup of X2 connectivity to gNB failed
BOG.Ministerio,BOG.Ministerio,PLMN-PLMN/MRBTS-469/LNBTS-469/LNADJGNB-0,2024-02-13 17:00:55,,7107,BASE STATION CONNECTIVITY PROBLEM,Setup of X2 connectivity to gNB failed
BAR.Makro,BAR.Makro,PLMN-PLMN/MRBTS-789925/LNBTS-789925,2024-02-13 15:39:09,,7107,BASE STATION CONNECTIVITY PROBLEM,Inter-Site CA link establishment failure
BAR.Makro,BAR.Makro,PLMN-PLMN/MRBTS-789925/LNBTS-789925/LNADJGNB-0,2024-02-13 15:42:13,,7107,BASE STATION CONNECTIVITY PROBLEM,Setup of X2 connectivity to gNB failed
BOG.Armenia,BOG.Armenia,PLMN-PLMN/MRBTS-412/LNBTS-412/LNADJGNB-0,2024-02-13 13:11:06,,7107,BASE STATION CONNECTIVITY PROBLEM,Setup of X2 connectivity to gNB failed
CAL.Oeste,CAL.Oeste,PLMN-PLMN/MRBTS-611931/LNBTS-611931/LNADJGNB-0,2024-02-12 18:20:33,,7107,BASE STATION CONNECTIVITY PROBLEM,Setup of X2 connectivity to gNB failed
,BOG.Colfecar,PLMN-PLMN/MRBTS-10598/LNBTS-10598/LNADJGNB-0,2024-02-10 11:21:00,,7107,BASE STATION CONNECTIVITY PROBLEM,Setup of X2 connectivity to gNB failed
BAR.Cumbre,BAR.Cumbre,PLMN-PLMN/MRBTS-788613/LNBTS-788613,2024-02-13 16:30:02,,7107,BASE STATION CONNECTIVITY PROBLEM,Inter-Site CA link establishment failure
